article_id,status,event_group,reason,errors
t10,excluded,,outside_24h_period,
t12,excluded,,outside_24h_period,
t14,excluded,,outside_24h_period,
t04,excluded,,lexical_pre_filter,
t09,excluded,,lexical_pre_filter,
t15,insufficient_data,,text_missing,
t18,excluded,,lexical_pre_filter,
t16,included,event_7,relevant_event,
t17,included,event_7,relevant_event,
t01,included,event_1,relevant_event,
t02,included,event_1,relevant_event,
t03,included,event_2,relevant_event,
t08,included,event_10,relevant_event,
t05,included,event_3,relevant_event,
t06,included,event_4,relevant_event,
t07,included,event_5,relevant_event,
t11,included,event_6,relevant_event,
t19,excluded,event_8,not_in_extraction_budget,
t20,excluded,event_9,not_in_extraction_budget,
t13,excluded,event_11,not_in_extraction_budget,
